nt_from,A,C,G,T
A,-1.3935601992358562,0.16502150285639408,1.100214466648487,0.1283242296110112
C,0.9167813093518907,-3.2089352256667243,0.09159719840196935,2.200556717904873
G,2.933888073407108,0.01828890279424115,-3.318923580552964,0.366746604293706
T,0.5499598145717008,1.8338005458527384,0.550113237779834,-2.9338735982413424
